,Komentar,Kategori,clean_teks
0,"""Kaka tidur yaa, udah pagi, gaboleh capek2""",1,kaka tidur yaa pagi capai
1,"""makan nasi padang aja begini badannya""",1,makan nasi padang badan
2,"""yang aku suka dari dia adalah selalu cukur jembut sebelum manggung""",0,suka cukur jembut manggung
3,"""Hai kak Isyana aku ngefans banget sama kak Isyana.aku paling suka lagu kak Isyana itu lagu tetap didalam jiwa""",1,hai kak isyana ngefans kak isyanaaku suka lagu kak isyana lagu dalam jiwa
4,"""Manusia apa bidadari sih herann deh cantik terus üòå‚ô•Ô∏è""",1,manusia bidadari sih herann deh cantik
5,"""@ayu.kinantii isyan skrg berubah ya:( baju nya nakal""",0,ayukinantii isyan ubah ya baju nya nakal
6,"""Gemesnya isyan kayak tango, berlapis lapis ciaaaa""",1,gemesnya isyan tango lap lapis ciaaaa
7,"""Makin jelek aja anaknya, padahal ibu ayahnya cakep2""",0,jelek anak ayah cakap
8,"""Kok anaknya kayak udah tua gitu ya mukanya kk tasya""",0,anak tua ya muka kartu keluarga tasya
9,"""Muka anak nya ko tua banget yaa.. GK ngegemesin GK ada lucu2nya""",0,muka anak nya ko tua yaa ngegemesin lucu
10,"""Muka nya muka kolot wkwk bukan muka bayi2 lucu gt""",0,muka nya muka kolot wkwk muka bayi lucu
11,"""Udah gila sekarang ini orang wkwk, udah jomblo jadi psikolog ga laku, ya jadilah seperti itu""",0,gila orang wkwk jomblo psikolog laku ya
12,"""Lo sintingnya udah tingkat dewa""",0,sinting tingkat dewa
13,"""Sepertinya Lutfi setelah putus dgn salsa seperti orang stress""",0,lutfi putus salsa orang stress
14,"""ANAK TOLOL INI MULAI AKTIF YA BUND""",0,anak tolol aktif ya bund
15,"""bisa mati aja ga? gedeg gua liat lu. ANJIM""",0,mati gedeg liat anjim
16,"""Woy Lutfi asu , sok asik Lo ANJING !""",0,woy lutfi asu sok asyik anjing
17,"""Apasih kontol berantem aja lah ayo bngst @lutfiagizal""",0,apasih kontol tengkar ayo bngst lutfiagizal
18,"""Ibu kamu pelakor plus hamil di luar nikah ya? Pantesan anaknya kyk gini modelannya""",0,pelakor plus hamil nikah ya anak gin model
19,"""Anaknya udh pinter, maknya yang kelempengan.. berasa masih baby, tingginya azka aj melebihi mamanya..""",0,anak pintar maknya lempeng asa baby tinggi azka lebih mama
20,"""Anak yg cerdas terbentuk dr pola asuh sekaligus pola didik ortu yg cerdas pula sih pada saranya. Sesimple itu""",1,anak cerdas bentuk pola asuh pola didik orangtua cerdas sih sara sesimple
21,"""Setengah iri setengah jadi motivasi ini""",1,iri motivasi
22,"""Ancur hidup lu kalau sama dia‚Ä¶ Sumpah..""",0,hancur hidup sumpah
23,"""serem banget muka lo mel kayak ayam potong merah banget""",0,seram muka mel ayam potong merah
24,"""Yaudah jd pengusaha kuliner aja gausah artis, makanannya emang bikin ngiler sih wkwkw""",1,yaudah usaha kuliner artis makan bikin ngiler sih wkwkw
25,"""Kamu emang cocoknya jadi pengusaha kuliner udah fixs. Semoha lancat terusssss""",1,cocok usaha kuliner fixs semoha lancat terusssss
26,"""Tak sejelek IMAGE Owner ya..? Artis ups bukan Artis? Hallo secara tidak langsung semua orang itu tau IMAGE lu jelek gentong!""",0,jelek image owner ya artis ups artis hallo langsung orang image jelek gentong
27,"""Apaan sih gak jelas hidupnya""",0,sih hidup
28,"""Sebelum aku Unfoll, aku mau bilang NAJISSSS""",0,unfoll bilang najissss
29,"""muka lu sensual tapi norak kenapa dah""",0,muka sensual norak
30,"""Udah gk jaman ngebully orang hey netizen mending ngaca dari kekurangan sendiri""",1,jaman ngebully orang hey netizen mending ngaca kurang
31,"""Kalau pas penempatannya, sebenernya kamu imut banget loh mel.""",1,pas tempat imut loh mel
32,"""Cakep kaga jelek iya HAHAH""",0,cakap kaga jelek iya hahah
33,"""jari jari kaki kayak jarinya tukang panggul""",0,jari jari kaki jari tukang panggul
34,"""Kakinya kek lagi hamil tua ya bun, semacam kaki gajah @ayuugsia""",0,kaki kek hamil tua ya bun kaki gajah ayuugsia
35,"""Suka heran sama yg ngehina fisik,, ternyata bener ya kita semua pendosa dengan cara kita sendiri,,""",1,suka heran ngehina fisik ya dosa
36,"""Ini diedit biar langsing padahal mah klo live bomber badannya""",0,edit biar langsing mah live bomber badan
37,"""Kakinya gedong sayyy kek kaki jantan‚Ä¶ Upp kan dia suka berbaur ama warwerwor.. Mahluk astral.. Yg kakinya gedong""",0,kaki gedong sayyy kek kaki jantan upp suka baur ama warwerwor mahluk astral kaki gedong
38,"""Bagusan foto pakai masker drpd gak pakai masker""",1,bagus foto pakai masker pakai masker
39,"""@rosameldianti_ kakak foto sebelum ini. kenapa Memeknya Keliatan Tebal???? Memeknya kakak Lagi Bengkak yah???""",0,rosameldianti kakak foto memek tebal memek kakak bengkak yah
40,"""Bra nya kedodoran kak make ukuran gede yaa""",0,bra nya kedodoran kak pakai ukur gede yaa
41,"""Nah ini cantik seneng. Usahanya membuahkan hasil. Semangat ya mel semoga menjadi pribadi yang lebih baik lagi""",1,cantik senang usaha buah hasil semangat ya mel moga pribadi
42,"""mba bisa gk sih, kalau gk merem melek gitu matanya kaya orang cacingan""",0,mba sih merem melek mata kaya orang cacing
43,"""Semoga lancar terus usahanya mel""",1,moga lancar usaha mel
44,"""Cantik banget kalo meldi muka natural kek gini""",1,cantik meldi muka natural kek gin
45,"""Lu diem aja cantik mel kalo ga banyak gaya serius""",1,diam cantik mel gaya serius
46,"""Kaku kek kanebo kering hahaha""",0,kaku kek kanebo kering hahaha
47,"""Semakin glowing say‚Ä¶ natural kayak gini bagus tambahin prestasi nya ya say""",1,glowing say natural gin bagus tambahin prestasi nya ya say
48,"""Meldi, emaknya buka klinik totok aura kayaknya anaknya gak pernah ditotok ya‚Ä¶ auranya gak keliatan yg ada malah butek""",0,meldi emaknya buka klinik totok aura kayak anak totok ya aura butek
49,"""Karena muka lo pasaran mel, di pasar sapi juga ada yang mirip noh""",0,muka pasar mel pasar sapi noh
50,"""Maap kalau gua sering nyamain lu sama dugong soalnya emang mirip""",0,maaf nyamain dugong
51,"""Iya lo kamu mirip monyet mel""",0,iya monyet mel
52,"""Bagusan pantat panci aing atuh anjir""",0,bagus pantat panci aing atuh anjir
53,"""Ya emang ga ada yang sama soalnya muka kamu sama dengan muka badak, muka beton, ga ada malu,,,""",0,ya muka muka badak muka beton malu
54,"""Kok mbak meldi sekarang tambah cantik ya rahasianya apa..""",1,mbak meldi cantik ya rahasia
55,"""Lengannya gempal banget sih HAHA""",0,lengan gempal sih haha
56,"""Fix yang komen semua nyela""",1,fix komen nyela
57,"""Udah ka gausah digubris gausah dipikirin. Bersyukur aja sama nikmat tuhan yang udah dikasih ke kaka. Gausah juga ngatain orang ka, tetep bersyukur atas nikmatnya""",1,ka gubris dipikirin syukur nikmat tuhan kasih kaka ngatain orang ka syukur nikmat
58,"""Jari jari nya gede gede banget, apalagi pas ngiklan makan ikan danau hambar, jarinya kayak jempol semua hawak bener""",0,jari jari nya gede gede pas ngiklan makan ikan danau hambar jari jempol hawak
59,"""Jangan disamain muka @rosameldianti_ sama orang oi. Mintanya disamain sama babi""",0,disamain muka rosameldianti orang oi minta disamain babi
60,"""Ga ada yang dibawah Meldi, semuanya setara, ada kekurangan ada kelebihan""",1,bawah meldi tara kurang lebih
61,"""Ka mel gausah merendahkan orang lain. Bersyukur aja diatas langit juga masih ada langit lagi""",1,ka mel rendah orang syukur atas langit langit
62,"""Mukanya kalau gak dibantu kamera dekil dan kumel""",0,muka bantu kamera dekil mel
63,"""Semua wanita cantik, jangan suka merasa lebih ah""",1,wanita cantik suka ah
64,"""Meldi udah dapat kontrak endorse skincare ya tapi kok mukanya tetap jelek si?""",0,meldi kontrak endorse skincare ya muka jelek si
65,"""Gila Netizen pada sempurna ngehina orang terus""",1,gila netizen sempurna ngehina orang
66,"""Semua dah pada ngembang‚Ä¶ habis di berapa cowo meldi?... enak ya di otak atik""",0,ngembang habis cowok meldi enak ya otak atik
67,"""Karena muka kayak elo pasaran dan murah‚Ä¶""",0,muka pasar murah
68,"""Muka buluk kepedean lagi.. muka udah tua""",0,muka buluk kepedean muka tua
69,"""Muka lu kaya tai wkwkwk""",0,muka kaya tai wkwkwk
70,"""Sakit jiwa ini upil gajah‚Ä¶ Kasihan""",0,sakit jiwa upil gajah kasihan
71,"""Jelek macam buntut kuali hahaha""",0,jelek buntut kuali hahaha
72,"""Meldi tambah kurusan sekarang ya??? Cantik walaupun tanpa make up‚Ä¶""",1,meldi kurus ya cantik pakai up
73,"""Elu juga semoga semakinlebih baik dalam segala hal, terutama akhlak dan etikanya""",1,elu moga semakinlebih akhlak etika
74,"""Mbak mell sehat dan sukses ya""",1,mbak mell sehat sukses ya
75,"""Aamiin. Doa baik juga untuk Meldi""",1,aamiin doa meldi
76,"""Selamat tahun baru mbak, semoga jadi pribadi yang lebih baik amin""",1,selamat mbak moga pribadi amin
77,"""Meldi ini lama lama cantik loh tinggal dibenerin akhlak dan adabnya pasti makin sip""",1,meldi cantik loh tinggal dibenerin akhlak adab sip
78,"""Pengambilan fotonya sudah bagus mantap dan keren.. tinggal pengambilan ARWAH nya aja yang belum""",0,ambil foto bagus mantap keren tinggal ambil arwah nya
79,"""Nggak ada cantik-cantik nya hahaha""",0,cantikcantik nya hahaha
80,"""Kasian editornya sih ini, nanggung dosa banget kayaknya ngeditnya offside gini""",0,kasihan editor sih nanggung dosa kayak ngeditnya offside gin
81,"""Lama lama mirip dewi persik ya""",1,dewi persik ya
82,"""pada julid padahal kan meldi gak nyusahin kalian""",1,julid meldi nyusahin
83,"""ini foto apa w masukin museum aja ya ga ada pantas2nya""",0,foto w masukin museum ya pantas
84,"""Nggak ngumpul bareng mami isa lagi kan kamu yang paling gembrot disana""",0,ngumpul bareng mami isa gembrot sana
85,"""Lagu lu ga ada yang laku ya mel??""",0,lagu laku ya mel
86,"""Lututnya masih hitam gosok maning biar tambah cling dan cantik""",0,lutut hitam gosok maning biar cling cantik
87,"""Suka heran sama warga +62 sukanya ngehujat orang mulu, dapat pahala kagak dosa mah iya""",1,suka heran warga suka ngehujat orang pahala dosa mah iya
88,"""Tambah cantik aja rosa meldianti""",1,cantik rosa meldianti
89,"""Jadi diri sendiri, jangan jadi ular apalagi dugong""",0,ular dugong
90,"""Saya kok suka ya sama mereka harmonis""",1,suka ya harmonis
91,"""Cantik banget kalau pakai baju kayak gitu""",1,cantik pakai baju
92,"""Jujur ya kamu kalo anteng ga buat masalah cantik mel""",1,jujur ya anteng cantik mel
93,"""Cowoknya ga ada cakep cakepnya""",0,cowok cakap cakep
94,"""Di foto tirus.. Kalo di video wariorr kok mukanya kek donat gak ada bentuknya""",0,foto tirus video wariorr muka kek donat bentuk
95,"""Dari sekian banyak foto yang diposting, ini yang paling cantik""",1,sekian foto diposting cantik
96,"""Artis abal-abal.. Muka putih tangan hitam‚Ä¶ ager2 ATM nya udah isi berapa sekarang""",0,artis abalabal muka putih tangan hitam ager atm nya isi
97,"""Itu muka kayak penuh tekanan banget""",0,muka penuh tekan
98,"""@rosameldianti_ cowokmu wajah nya culun dan cupu kayak om2""",0,rosameldianti cowok wajah nya culun cupu om
99,"""Masyaallah cantik terlihat sopan dan anggun""",1,masyaallah cantik sopan anggun
100,"""Kang ojek kali belang tangannya""",0,kang ojek kali belang tangan
101,"""Seneng liat pasangan ini cewenya di hujat 1 indonesia tapi dia tetep setia nemenin""",1,senang liat pasang cewenya hujat indonesia setia tani
102,"""Dia memutuskan menjadi tumbal apartment""",0,putus tumbal apartemen
103,"""makin cantik mel, semangat dietnyaa""",1,cantik mel semangat dietnyaa
104,"""Itu tangan apa paha haha‚Ä¶.""",0,tangan paha haha
105,"""Mel disini kamu keliatan cakep""",1,mel cakap
106,"""Mukanya kayak lagi ngeden pas boker""",0,muka ngeden pas boker
107,"""Aduuh.. terlalu halu.. hhahaha lebay editan nyaa lemak kemana lemak‚Ä¶ hahhaaa.. mimpi ketinggian..""",0,aduuh halu hhahaha lebay edit nyaa lemak lemak hahhaaa mimpi tinggi
108,"""salfok sama kaki, tapi cantik banget asli""",1,salfok kaki cantik asli
109,"""@_dy1412 buset cantik diedit aja mba, coba dah aslinya dah kayak buntelan kentut‚Ä¶""",0,buset cantik edit mba coba asli buntel kentut
110,"""atas bawah hitam putih, kek kopi luwak""",0,hitam putih kek kopi luwak
111,"""Palsu badane diedit semua tu, aslinya dimana2 lemak""",0,palsu badane edit asli lemak
112,"""Udah dapat kontrak dari skincare ttp aja buluk mel""",0,kontrak skincare buluk mel
113,"""heran sama netizen klo gk suka jangan diliat aja""",1,heran netizen suka liat
114,"""sukses selalu yah ka @rosameldianti_ semangat""",1,sukses yah ka rosameldianti semangat
115,"""Jujur aku lebih suka meldi yang sekarang daripada yang dulu suka ngehujat orang""",1,jujur suka meldi suka ngehujat orang
116,"""sumpah aslinya muka lo lebar kayak baskom loh mel @rosameldianti_""",0,sumpah asli muka lebar baskom loh mel rosameldianti
117,"""Berkarya teros meldi walo ga ada yg nuntun kamu.""",1,karya meldi walo nuntun
118,"""Astaghfirullah, seram sekali ya bun seperti ular jelmaan makhluk halus ya bun""",0,astaghfirullah seram ya bun ular jelma makhluk halus ya bun
119,"""Dan yang paling saya heran cowokpun ikut ngebully, sabar meldi.""",1,heran cowok ngebully sabar meldi
120,"""Astaga‚Ä¶ Ratu edit muka.. Sumpah seren kayak film setan2 gitu‚Ä¶..""",0,astaga ratu edit muka sumpah seren film setan
121,"""Matanya kayak katarak anjir AHAHAH""",0,mata katarak anjir ahahah
122,"""Caption aja COPAS! Cantumin credit dong, dasar iblis""",0,caption copas cantumin credit dasar iblis
123,"""Unfoll aja daripada kalian dosa ngebully2 terus..""",1,unfoll dosa ngebully
124,"""Meldi aku perhatikan kamu seperti orang china deh.. cantik""",1,meldi perhati orang china deh cantik
125,"""Editan softlensnya keluar itu mbaknya, kayak ratu titisan ular kamu wkwkwk""",0,edit softlensnya mbak ratu titis ular wkwkwk
126,"""Kasihan ular dibawa bawa kamu gak pantas jadi ular pantasnya jadi bunglon atau buaya..""",0,kasihan ular bawa bawa ular pantas bunglon buaya
127,"""Maju trus ya sayang.. abaikan orang2 yg comment menyakitkan""",1,maju ya sayang abai orang comment sakit
128,"""Kasihan ya kamu @rosameldianti_ Hidup sekali cuman buat bahan hujatan masyarakat‚Ä¶ Mubadzir banget deh hidup lo‚Ä¶ Napa gak bunuh diri aja?""",0,kasihan ya rosameldianti hidup bahan hujat masyarakat mubadzir deh hidup bunuh
129,"""Semangat mel, bahasa asing mah yang penting kita berani pasti entarnya bisa""",1,semangat mel bahasa asing mah berani entar
130,"""Beda sama d foto yaa.. Disini lebar banget mukanya maaf itu kalau foto editan ya""",0,beda foto yaa lebar muka maaf foto edit ya
131,"""Meldi meskipun kadang mulut ku tak bisa di rem karena kehaluanmu, tapi aku bangga akan berusaha mu, yuhuuu""",1,meldi kadang mulut rem haluan bangga usaha mu yuhuuu
132,"""Lupa di edit ya tu muka melar""",0,lupa edit ya muka melar
133,"""Semangatt, kesalahan dalam belajar bahasa asing itu penting. Karena itu pembelajaran utamanya, supaya kesalahannya ga terulang""",1,semangatt salah ajar bahasa asing ajar utama salah ulang
134,"""Kereennnn.. dari bully.an netizen menjadikanmu mau belajar""",1,kereennnn bullyan netizen jadi ajar
135,"""Hiiihhh jiik lihat nih orang‚Ä¶ auranya buruk bgt gak ada manis manisnya""",0,hiiihhh jiik lihat nih orang aura buruk manis manis
136,"""Semangat untuk belajar ya‚Ä¶ saya uga gak bisa bahasa inggris""",1,semangat ajar ya uga bahasa inggris
137,"""Yang penting ada niat.. dan keberanian""",1,niat berani
138,"""Salut Mel.. semangat belajar, yg ngetawain juga belum tentu bisa Dan berani..""",1,salut mel semangat ajar ngetawain berani
139,"""Gpp Mel semangat buat belajar trusssss jangan gampang nyerah pokoknya @rosameldianti_""",1,apa mel semangat ajar trusssss gampang nyerah pokok rosameldianti
140,"""Setidaknya dia ngaku. bukan belagak pintar""",1,ngaku bagak pintar
141,"""Masih jauh kalo ngarep bisa ikutan kontes miss earth , makanya dari kecil les inggris biar lidahnya gak keseleo""",0,harap ikut kontes miss earth les inggris biar lidah keseleo
142,"""Cuma di postingan ini ya bund netizen sedikit yang menghujat""",1,postingan ya bund netizen hujat
143,"""Happy birthday Mel sehat dan Sukses yah, Aamiin""",1,happy birthday mel sehat sukses yah aamiin
144,"""Happy Birthday kak Meldi yang imut n ngegemesin. Tambah sukses selalu""",1,happy birthday kak meldi imut n ngegemesin sukses
145,"""Ya ampun ketiak dan lemaknya editan parah wkwk""",0,ya ampun ketiak lemak edit parah wkwk
146,"""Ketiaknya habis di amplas mel, alus banget""",0,ketiak habis amplas mel alus
147,"""Udah diedit gitu, ketiak lu tetap hitam""",0,edit ketiak hitam
148,"""Selamat ulang tahun mel, udah yah jangan banyak tingkah""",1,selamat ulang mel yah tingkah
149,"""Mukanya kuning banget kaya kunyit""",0,muka kuning kaya kunyit
150,"""Selamat ulang tahun meldi sukses dan sehat terus ya‚Ä¶.""",1,selamat ulang meldi sukses sehat ya
151,"""Fotonya lainnya jangan yang ini, kan masih banyak yang lebih cantik ihhh biar gak kena hujat kamu ihh, aku mah kasihan""",1,foto cantik ihhh biar kena hujat ihh mah kasihan
152,"""HBD meldi‚Ä¶ Semoga sukses selalu dan panjang umur dan rejekinya di lancarkan.. Amin""",1,happy birthday meldi moga sukses umur rejekinya lancar amin
153,"""Perasaan kemarin lengannya kekar banget kek petinju, udah gitu ketiaknya juga hitam. Kok difoto ini lengannya jadi kecil, ketiaknya putih kek dibedakin""",0,asa kemarin lengan kekar kek tinju ketiak hitam foto lengan ketiak putih kek dibedakin
154,"""Selamat Ulang Tahun kak @rosameldianti_, banyaknya sadar dan jangan pansos lagi yah. Amin""",1,selamat ulang kak rosameldianti banyak sadar pansos yah amin
155,"""Hbd cantik semoga kedepannya tambah sukses""",1,happy birthday cantik moga depan sukses
156,"""Hbd mbak mel tambah cantik di panjangkan umurnya dan sehat selalu""",1,happy birthday mbak mel cantik panjang umur sehat
157,"""berdiri di kaki sendiri lebih baik""",1,diri kaki
158,"""Biar di edit2 kaya apa juga tetap aja ketiak hitam nya ga bisa di bohongin""",0,biar edit kaya ketiak hitam nya bohongin
159,"""Sumpah demi apapun.. Lengan nya gede banget""",0,sumpah apa lengan nya gede
160,"""Selamat ulang tahun panjang umur sampai ketemu dajjal""",0,selamat ulang umur ketemu dajjal
161,"""Ketiak hitam buluk mau lu edit nutupin daki diketek lu tetap aka hitam ketiak lu, dasar Dugong @rosameldianti_""",0,ketiak hitam buluk edit nutupin daki ketek aka hitam ketiak dasar dugong rosameldianti
162,"""Di atm tinggal 150 ribu aja banyak gaya lu dugong""",0,atm tinggal ribu gaya dugong
163,"""Gak ada bagus2nya suara dan polanya‚Ä¶.""",0,bagus suara pola
164,"""Si Meldi jelek aja banyak gaya. Beda banget sm tante n sepupunya yang udah jelas2 cantik""",0,si meldi jelek gaya beda tante n sepupu cantik
165,"""Tapi dia sekarang dah berubah gak kayak dulu kalau yang gue lihat""",1,ubah lihat
166,"""Ngedit ketiaknya berapa lah dah itu ya ampe ngeblur pisan.. Putihnya kek cat tembok""",0,ngedit ketiak ya ngeblur pis putih kek cat tembok
167,"""Aduh dugong masih aja gila filter‚Ä¶.""",0,aduh dugong gila filter
168,"""Sekarang bukan muka aja yang didempul, tapi ketiak juga""",0,muka dempul ketiak
169,"""Kasian kebelet artis tapi gak punya bakat""",0,kasihan kebelet artis bakat
170,"""Yang merasa peliharaannya lepas, tolong diangkut""",0,pelihara lepas tolong angkut
171,"""Miris banget‚Ä¶ ultah bukan didoain yang baik2 tapi tetap di bully kasian !! God bless u mel""",1,miris ultah didoain bully kasihan god bless u mel
172,"""Mudah mudahan lu jadi gembel. Amin ya Allah""",0,mudah mudah jelek amin ya allah
173,"""Ketiaknya hitam dikasih bedak jadi nya abu"" monyet""",0,ketiak hitam kasih bedak nya abu monyet
174,"""Heran gua mah kalau gasuka gausah di follow dah tau ni akun private kalo lu tetap follow dan ngebuli tanda nya lu sirik. Gasuka ya gausah diliat, kaya dirinya sempurna aja""",1,heran mah suka follow ni akun private follow ngebuli tanda nya sirik suka ya liat kaya sempurna
175,"""Gua berharap lu aja si yg sakit bukan laura lol""",0,harap si sakit laura lol
176,"""Harusnya lo aja yang menderitaaa bukan lora anj!!!!!!!!!""",0,menderitaaa lora anj
177,"""GAGA SEMPET BENERAN LORA LO TINGGALIN, LO ORANG PALING JAHAT GA!!!! LO GAK BAKAL BAHAGIA GA""",0,gaga sempet lora tinggalin orang jahat bahagia
178,"""Lu bener' ga.kalo sempet nyakitin lora gue santet!!!!!""",0,gakalo sempet sakit lora santet
179,"""Si gaga kok kek anjing""",0,si gaga kek anjing
180,"""Semangat gaga, jangan liat kebelakang fokus aja kedepan, masih muda masih banyak yg lebih baik juga.""",1,semangat gaga liat belakang fokus depan muda
181,"""Gak ada cantiknya. Gila yang ada""",0,cantik gila
182,"""meldi makin bersinar yaaa, pertahanin karir jgn di sia siain""",1,meldi sinar yaaa pertahanin karir sia siain
183,"""Tetap semangat‚Ä¶. sebaik apapun kamu akan dalah Dimata pembenci‚Ä¶..""",1,semangat apa dalah mata benci
184,"""Asli gak ada bebet bobo ni anak. kasihan sekali.""",0,asli bebet tidur ni anak kasihan
185,"""kumat‚Ä¶ lama semedinya segini keluarnya""",0,kumat semedinya gin keluar
186,"""Tangannya hitam‚Ä¶ beda ama muka""",0,tangan hitam beda ama muka
187,"""Kok meldi di foto aku gendut beda""",0,meldi foto gendut beda
188,"""Gatau sih, cantik tapi gak ada aura nya sama sekali . Cantik tapi idih gitu lihatnya , kenapa yaa ??""",0,gatau sih cantik aura nya cantik idih lihat yaa
189,"""Baik buruk nya kamu akan tetap terlihat buruk di mata mereka yang ga menyukai mu..""",1,buruk nya buruk mata suka mu
190,"""Gila ni siluman,, di story orang lain keliatan banget tumpukan2 lemaknya, buriknya apalagi""",0,gila ni siluman story orang tumpu lemak burik
191,"""Dasar Bego lu.. gua jijik sama lu bro kayak gak punya otak banget""",0,dasar bodoh jijik bro otak
192,"""Lo kira lo bagus tuh begitu anjing wkwkw""",0,bagus tuh anjing wkwkw
193,"""Di maafin aaa‚Ä¶ semoga dia jera untuk kedepannya‚Ä¶""",1,maafin aaa moga jera depan
194,"""Eh bocah mending Lo mati aja GAK guna juga ada orang kayak lo hahahahaha""",0,eh bocah mending mati orang hahahahaha
195,"""Btw yang video tapi boong itu dia buat nya tahun lalu bukan pas masalah yang sekarang kalau gak percaya lihat tribun news jadi jangan hujat dia lagi ya""",1,btw video bohong nya pas percaya lihat tribun news hujat ya
196,"""Okay bro kalem aja, tetap semangat dan jangan putus asa""",1,okay bro kalem semangat putus asa
197,"""Lu Mati ajalah . Udah biar gak bikin ribet""",0,mati biar bikin ribet
198,"""SAMPAH MASYARAKAT HARUS DI MUSNAHKAN SEGERA""",0,sampah masyarakat musnah
199,"""MATI KAU NAJIS KONTOL BANGSAT MATI KAU""",0,mati najis kontol bangsat mati
200,"""youtuber toxic, tutup akunmu sekalian tutup usia""",0,youtuber toxic tutup akun tutup usia
201,"""Pada ribet kayak udah pada benar aja lu semua""",1,ribet
202,"""Jangan ada hitam diatas putih. Langsung proses""",1,hitam atas putih langsung proses
203,"""Kalau sayang sama anaknya ya di serahkan aja ke polisi biar di didik sekalian""",1,sayang anak ya serah polisi biar didik
204,"""Manusia apa hewan sih kok gak punya hati banget""",0,manusia hewan sih hati
205,"""Manusia anjing. Nyari uang gitu amat. Lo kerja aja sama gue nyebokin gue ntar gue gaji lo.""",0,manusia anjing cari uang kerja nyebokin gaji
206,"""maklum anak kurang pendidikan kayak gitu gak punya akhlak""",0,maklum anak didik akhlak
207,"""Anjing memang anak gak tau diri. ibunya sampai nangis2""",0,anjing anak ibu nang
208,"""oi babi gue bunuh lu kalau sampai kelihatan sumpah""",0,oi babi bunuh sumpah
209,"""Heee sampah lu udah gua maafin TAPI BOONG GOBLOK""",0,heee sampah maafin bohong goblok
210,"""ANJING SINI LO BAKU HANTAM AYO""",0,anjing baku hantam ayo
211,"""Bangkit ya bang jangan lemah buat pelajaran dan ujian buat lu jadi yang lebih baik lagi bang""",1,bangkit ya bang lemah ajar uji bang
212,"""Jangan patah semngat kak sukses terus""",1,patah semngat kak sukses
213,"""Semangat Ferdian gausah dengerin orang yang hujat kamu, karena semua manusia tidak luput dari kesalahan""",1,semangat ferdian dengerin orang hujat manusia luput salah
214,"""Sumpah sekarang aku respect banget sama kamu""",1,sumpah respect
215,"""Menurutku pribadi, dia tulus minta maafnya‚Ä¶.""",1,turut pribadi tulus maaf
216,"""DIKASIH BIDADARI MAUNYA BONEKA SANTET""",0,kasih bidadari mau boneka santet
217,"""Ilang respect gue.. padahal jane udh setia bgt sama lu, tapi lu nya main cewe pas udh keluar dri penjara.. lol""",1,hilang respect jane setia nya main cewek pas penjara lol
218,"""Hapus ajh ni poto ngk tau malu bgt lu bang""",1,hapus ni poto malu bang
219,"""Intinya gasuka ajg selama ada listy . Ngrusak suasana""",0,inti suka ajg listy ngrusak suasana
220,"""Di foto ini ada 2 anjing dan 1 kontol""",0,foto anjing kontol
221,"""kasian banget Jane udah nunggu keluar penjara eh taunya :), waw sakit siih""",1,kasihan jane nunggu penjara eh tahu waw sakit siih
222,"""Puny cewk baik di selingkuhin g ngotak""",0,puny cewk selingkuhin ngotak
223,"""Inget yg di potong itu masalah nya bukan hubungan nya, tapi kalo udah gini sembeleh aja orang nya :) udah terlanjur kecewa""",0,potong nya hubung nya gin sembeleh orang nya lanjur kecewa
224,"""Ini buat konten.. masa putus foto tabi sama jessica engga dihapus ?""",1,konten putus foto tabi jessica hapus
225,"""Tiap mau makan dibikin ama jess tpi malah ngehianatin gila sih""",1,makan bikin ama jess ngehianatin gila sih
226,"""Parah lu bang nama lu udh rusak karna narkoba malah nambah masalah ajh truss""",1,parah bang nama rusak narkoba truss
227,"""Ini anjing Kok mirip ya sama Erick""",0,anjing ya erick
228,"""Muka Pas""an sok sok an mau sm lonte lo anjing""",0,muka pas sok sok an lonte anjing
229,"""Lu sama anjingnya, lebih baik anjingnya""",0,anjing anjing
230,"""IH ADA BABI JGN MEGANG TUH ANJING HARGA DIRINYA LEBIH TINGGI DRIPADA LO""",0,ih babi megang tuh anjing harga dripada
231,"""Santuy aja bang ga usah di tanggepin,btw gw suka gaya lo""",1,santuy bang tanggepinbtw suka gaya
232,"""Narkoboy kontol, Cuma bisa maen cewe sama nyakitin doang lu anjing, mati aja lu bego""",0,narkoboy kontol main cewek sakit anjing mati bodoh
233,"""TETEP PENJARA AJA AJG NYUSAHIN LO KELUAR""",0,penjara ajg nyusahin
234,"""cewe cakep, setia kok disia sia in sahabat""",1,cewek cakap setia sia sia in sahabat
235,"""loh kok ak liatnya anjing semua yaa""",0,loh liat anjing yaa
236,"""Anjingnya ada dua kok guys, tapi kok lagi satu gue liat ada babi item""",0,anjing guys liat babi hitam
237,"""Mantan Anjing, eh kebalik anjing mantan""",0,mantan anjing eh balik anjing mantan
238,"""Bikin skandal karena kepengen tenar?""",1,bikin skandal tenar
239,"""Wiii anjay kapan lagi liat babi megang 2 anjing""",0,wiii anjay liat babi megang anjing
240,"""Ini adalah foto babi sedang memeluk anjing yg pemilik nya adalah bidadari""",0,foto babi peluk anjing milik nya bidadari
241,"""Babi g pantes nyentuh anjingnya bidadari, nanti kotor.""",0,babi pantes nyentuh anjing bidadari kotor
242,"""SESAMA ANJING FOTO DULU YA KAN""",0,anjing foto ya
243,"""potret seorjing memegang anjing kwkw""",0,potret seorjing pegang anjing kwkw
244,"""HEH UDH NAPA HATE NYA CAPE GW BACA NYA""",1,heh hate nya capai baca nya
245,"""WADUH MALAH LEBIH GANTENG ANJINGNYA. EH EH BAHKAN LU GA PANTES DISEBUT ANJING. ANJING KAN SETIA PANTESNYA SIH BABI HAHAHAHA""",0,aduh ganteng anjing eh eh pantes anjing anjing setia pantesnya sih babi hahahaha
246,"""kalo lomba sama""an sm babi, babi nya nmr 2""",0,lomba sama babi babi nya nomor
247,"""Si anjing ketika berfoto dengan si anjing""",0,si anjing foto si anjing
248,"""Kak jessica yg nungguin+setia sm kk loh pas ad masalah kmrn. Tapi kk ga ngehargain malah lbh milih yg d sono""",1,kak jessica nungguinsetia kartu keluarga loh pas kemarin kartu keluarga ngehargain pilih sono
249,"""erikontolim manusia babi anak lonte""",0,erikontolim manusia babi anak lonte
250,"""HARGAILAH HATI WANITA YANG UDH TULUS NEMENIN LO DARI 0!!!""",1,harga hati wanita tulus tani
251,"""Tapi bagus sih erick mutusin Jessica ya karna Erick kelakuan ny begituu coba liat Jessica""",1,bagus sih erick mutusin jessica ya erick laku nya begituu coba liat jessica
252,"""Anjing sekarang hebat ya, bisa pake kacamata""",0,anjing hebat ya pakai kacamata
253,"""Sdh lh nasi udah jdi bubur ga bisa lagi dibentuk kek semulaaa""",1,lh nasi bubur bentuk kek semulaaa
254,"""Kukira kehadiranmu akan menjadi sesuatu kebanggaan, ternyata tidak""",1,kira hadir bangga
255,"""Ada 3 Ajg Dan Yg Punya Tato Bener2 Ajg""",0,ajg tato ajg
256,"""dasar orang tua gada akhlak,ngajarin anaknya yang ga bener""",0,dasar orang tua akhlakngajarin anak
257,"""Erik kenapa sih? Ada yang bisa jelasin gw ga update soalnya.. maap2""",1,erik sih jelasin update maaf
258,"""Eh jangan dekat dekat sama anjingnya ci Jessica gua lempar lu""",0,eh anjing ci jessica lempar
259,"""guys dr pd comment2 mending unfoll sm unsubscribe aja yaa""",1,guys comment mending unfoll unsubscribe yaa
260,"""Babi lagi main ma anjing :)""",0,babi main ma anjing
261,"""Dikasi BIDADARI MALAH PILIH BABI""",0,kasi bidadari pilih babi
262,"""Postingan pertama jg dihujat dong gila netijen""",1,postingan hujat gila netijen
263,"""BARU KALI INI LIHAT ANJING SAMA BABI BAIKAN‚Ä¶""",0,kali lihat anjing babi baik
264,"""Dikasih bidadari malah milih setan""",0,kasih bidadari pilih setan
265,"""Padahal gw g mau benci ama lu bro, tpi ada aja tingkah lu yang melenceng:(""",1,benci ama bro tingkah lenceng
266,"""SIKAP MU LEBIH NAJIS DARIPADA LUDAH ANJING!""",0,sikap mu najis ludah anjing
267,"""Njir meskipun udh lama nih poto di post tapi masih banyak yg komen baru2""",1,njir nih poto post komen
268,"""kesini cmn mo liat komen aja""",1,kesini liat komen
269,"""Buset hate comment ampe postingan paling bawah""",1,buset hate comment postingan
270,"""Foto di upload nya 20 maret yang comment 1 jam 2 jam 3 jam yg lalu""",1,foto upload nya maret comment jam jam jam
271,"""Pantes banyak utang buat bayar lonte""",0,pantes utang bayar lonte
272,"""2 3 tutup botol muka lu kek kontol wkwk""",0,tutup botol muka kek kontol wkwk
273,"""astaga masih pagi dibikin ngakak ama komenan netijen yg ngmng suka bener""",1,astaga pagi bikin bahak ama komenan netijen bicara suka
274,"""Dah lah. Gw capek baca komen kalian""",1,capai baca komen
275,"""Keliatan bgt anjingnya ketakutan foto sama dakjal""",0,anjing takut foto dakjal
276,"""Astaga ngehujat sampe postingan paling bawah""",1,astaga ngehujat postingan
277,"""Lebih najis elu daripada anjing!""",0,najis elu anjing
278,"""2 ekor anjing dan satu buaya makan jambut""",0,ekor anjing buaya makan jambut
279,"""Kalo disuruh melihara anjing/eric gw pilih anjing aja meski Najis tapi lebih najisan erick kontol""",0,suruh melihara anjingeric pilih anjing najis najis erick kontol
280,"""Ngapain si pada ngejudge? Mikir dulu lah dia putus juga sebelum kejadian itu tolol""",1,ngapain si ngejudge mikir putus jadi tolol
281,"""Hargai wanitamu dia didekati banyak pria tetapi tetap memilihmu""",1,harga wanita dekat pria pilih
282,"""Ternyata sipat anjing bukan hanya ada di anjing doang ya,di manusia sipat anjing juga ternyata ada""",0,sipat anjing anjing yad manusia sipat anjing
283,"""Potret ketika anjing poto dengan setan""",0,potret anjing poto setan
284,"""BANTU BEDAINN WOYY MANA ANJING MANA BABI""",0,bantu bedainn woyy anjing babi
285,"""Udaah woii udahh lu gak kasihan apa‚Ä¶. Aku capek ngelike komenan kalian""",1,udaah woii udahh kasihan capai ngelike komenan
286,"""3 anjing 1 anjing berwujud manusia, 2 anjing asli tak ada perwujudan aowkwkw""",0,anjing anjing wujud manusia anjing asli wujud aowkwkw
287,"""Kasian gue sama anjingnya dipegang dajjal""",0,kasihan anjing pegang dajjal
288,"""Kasian anjing nya di pegang babi""",0,kasihan anjing nya pegang babi
289,"""Lo itu kontol gak guna ajg anak dakjal""",0,kontol ajg anak dakjal
290,"""mukak lu lebih buruk daripada anjing lu""",0,mukak buruk anjing
291,"""dikasi yang bening malah milih yang dakian""",0,kasi bening pilih daki
292,"""Mending masuk penjara lagi aja dah seumur hidup""",0,mending masuk penjara umur hidup
293,"""Kok lbih lucu anjingnya ya ktimbang orangnya""",0,lucu anjing ya ktimbang orang
294,"""Akhirnya jesica bisa lepas dari kambing hitam ini""",0,jesica lepas kambing hitam
295,"""Maafin Aja Bro Semua Orang Pasti Ada Kesalahan Dia Juga Pasti Ada Kesalahan Nasehatin Aja Siapa Tau Dia Berubah""",1,maafin bro orang salah salah nasehatin ubah
296,"""Kasian anjingnya dipeluk sma sampahh""",0,kasihan anjing peluk sma sampahh
297,"""Gua kira keluar dari PENJARA bisa berubah""",1,penjara ubah
298,"""Cintamu hanya sebatas kertas wkwkw enteng bang""",1,cinta batas kertas wkwkw enteng bang
299,"""Padahal sejak dia sama Jane aku lebih respect :( skrg bener2 udah hilang respect :(""",1,jane respect hilang respect
300,"""udah nemenin dari masa tersulit lo pas udah keluar malah selingkuh, ga nyangka idola gua sesampah itu.""",0,tani sulit pas selingkuh sangka idola sampah
301,"""Dihujat habis""an semua postingan lama ada komen baru wkwk""",1,hujat habis postingan komen wkwk
302,"""Gua gabisa bedain mana anjing mana manusia, keliatannya sama""",0,bedain anjing manusia liat
303,"""Lu mirip anaknya kick andy yg namanya marlo bang""",1,anak kick andy nama marlo bang
304,"""Kenapa ada orang baik ? Karna ada orang jahat""",1,orang orang jahat
305,"""Ngga ada niatan ngadain pengajian gitu bang?""",1,niat ada aji bang
306,"""Suka banget sama rambutnyaa tambah ganteng""",1,suka rambutnyaa ganteng
307,"""@abatartila Ada ada aja kaya gini di bilang king, king muke nya udh kaya tai musang""",0,abatartila kaya gin bilang king king muka nya kaya tai musang
308,"""Ninggalin berlian demi tai babi dih""",0,tinggal berlian tai babi dih
309,"""ganteng kaga lu begitu malah keliatan kaya daki kontol""",0,ganteng kaga kaya daki kontol
310,"""Mukak lo kayak tapir kuda asu sok ganteng banget lo""",0,mukak tapir kuda asu sok ganteng
311,"""Banyak yg kecewa karena lu begini rik!!!!""",1,kecewa rik
312,"""Maap ye‚Ä¶muke lu udh jelek kaga usah sok selingkuh,cakepan anjing gua noh""",0,maaf yemuke jelek kaga sok selingkuhcakepan anjing noh
313,"""Apa si hebatnya banci yg badannya penuh koreng kaya lo""",0,si hebat banci badan penuh koreng kaya
314,"""Gini dong bersihan kaga kek tahun tahun sebelumnya dekil""",0,gin sih kaga kek dekil
315,"""Muka lu keriput kek aki aki""",0,muka keriput kek aki aki
316,"""Foto jelek dihujat, foto ganteng dibilang sok ganteng""",1,foto jelek hujat foto ganteng bilang sok ganteng
317,"""kebanyakan nyabu jadi kurus lu""",0,banyak nyabu kurus
318,"""NARKOBOYY NGELUARIN LIDAHH, AJG MAU APA, MAU TES URIN""",0,narkoboyy ngeluarin lidahh ajg tes urin
319,"""Fotolu pede anjrit muka lu tu anjrit""",0,fotolu pede anjrit muka anjrit
320,"""Hidup itu jngn keterlaluan boss playboy amat ajg luu""",0,hidup boss playboy ajg luu
321,"""Mukalu kek aktor bokep bgst mending ngobat aja luu""",0,mukalu kek aktor bokep bgst mending ngobat luu
322,"""dah jelek semangattt pulak WKWK""",0,jelek semangattt pulak wkwk
323,"""Muka nya kok gitu, seren bikin mual liatnya""",0,muka nya seren bikin mual liat
324,"""Sana anjing ngewe ama lonte bangsat""",0,anjing ngewe ama lonte bangsat
325,"""Muka kek kontol mending di penjara""",0,muka kek kontol mending penjara
326,"""muka kek banci dih najis""",0,muka kek banci dih najis
327,"""Ntar Mati dalam keadaan konyol""",0,mati konyol
328,"""mau bilang jelek nya ga enak hehe ‚Ä¶""",0,bilang jelek nya enak hehe
329,"""Idihhhhh pantesan aja foto nya keluarin lidah kyk gtu. Trnyata tukang jilat‚Ä¶""",0,idihhhhh foto nya keluarin lidah tukang jilat
330,"""NIH ORANG KALO LOMBA MIRIP BABI,BABINYA JUARA 2""",0,nih orang lomba babibabinya juara
331,"""Titisan dakjal emg lo nyet""",0,titis dakjal nyet
332,"""Et muka lu aje gitu dih hahaha. Biarin aja sampah ketemu sampah biar busuk bersama""",0,et muka dih hahaha biarin sampah ketemu sampah biar busuk
333,"""Jijik astagah sok bat cakep njs""",0,jijik astagah sok bat cakap njs
334,"""Bully an di ig lebih ngeri daripada di fb ajg gua jadi ngerii! Ajgg",1,bully an ig ngeri facebook ajg ngeri ajgg
335,"""udah buriq brengsek pula pantes aja dapet lonte""",0,buriq brengsek pantes lonte
336,"""MUKA KAMPUNG GAYA SOK SOAN KOTA NYET""",0,muka kampung gaya sok soan kota nyet
337,"""Ngapa lidah Lo stroke amin deh kalau gtu""",0,ngapa lidah stroke amin deh
338,"""Ciah dihujat 1 Indonesia jangan sampe bunuh diri ya komtoll kami blom puas nguat kauuu""",0,ciah hujat indonesia bunuh ya komtoll puas nguat kauuu
339,"""Org kampung otak dusun gaya sosoan hype. Ttep aja gabisa nutupin muka babu lu.""",0,orang kampung otak dusun gaya sosoan hype nutupin muka babu
340,"""Cowo foto liatin lidah nya jam ah jijik gue. Apa lagi minus akhlak kek gini""",0,cowok foto lihat lidah nya jam ah jijik minus akhlak kek gin
341,"""ANJING gue jg ogah liat muke lu""",0,anjing ogah liat muka
342,"""G bole melet dosaa rik""",1,melet dosaa rik
343,"""paan melet melet mau jilat tai tabi?""",0,paan melet melet jilat tai tabi
344,"""Setan emg melet2 teross jijik asuuu""",0,setan melet teross jijik asuuu
345,"""ni anak lahir krna kondom bocor.. ga ada rasa syukur muka kyk selangkangan gorilla dpt cewe cntik kyk jessica setia dll malah di sia2in bgsad""",0,ni anak lahir kondom bocor syukur muka selangkang gorilla cewek cntik jessica setia siain bgsad
346,"""Apaan si melet2 sok ganteng""",0,si melet sok ganteng
347,"""Muka kek slangkangan biawak aje bnyk blagu lu""",0,muka kek slangkangan biawak blagu
348,"""Sumpah sih jahat banget. Bener2 kasian sama kak jessica""",1,sumpah sih jahat kasihan kak jessica
349,"""Anjing gk pantes sama bidadari.""",0,anjing pantes bidadari
350,"""MELET MULU SETAN KAYA ULAR""",0,melet setan kaya ular
351,"""Njr melet melet gw kirain hewan""",0,njr melet melet kirain hewan
352,"""Gtu aj dh kek anjg lo kang""",0,deh kek anjg kang
353,"""Gw kesini pengen liat babang ini.. Sumpah feeling gw bener.. Mirip banget ama Reynhard Sinaga""",1,kesini ken liat babang sumpah feeling ama reynhard sinaga
354,"""Ih ko melet2 si kaya hewan aja wkwkwkwk""",0,ih ko melet si kaya hewan wkwkwkwk
355,"""Iuu milih iblis drpd bidadarii kwkwkw jyjyq""",0,iuu pilih iblis bidadari kwkwkw jyjyq
356,"""MELET2 UDAH KAYA ANJING, EH KAN EMAH ANJING""",0,melet kaya anjing eh emah anjing
357,"""ga nyadar aja nih sampah HAHA""",0,nyadar nih sampah haha
358,"""Lidah banyak kuman and virus nih""",0,lidah kuman and virus nih
359,"""Awalnya ngira baju endorse dari KFC, mirip '-'""",1,ngira baju endorse kfc
360,"""GUA MAU LO TERUS BERKARYA , PERBAIKI, TINGGALKAN YG NEGATIF , TIDAK ADA KATA TERLAMBAT , TTP JADI ORANG YG HEBAT DAN SELALU BAHAGIA @xrickolim""",1,karya baik tinggal negatif lambat orang hebat bahagia xrickolim
361,"""Cita cita ingin jadi pakboi , eh tapi malah jadi narkoboy nasib-nasib""",0,cita cita pakboi eh narkoboy nasibnasib
362,"""Napa lu balik dari penjara sih?""",0,penjara sih
363,"""Mending lu pada tobat dah""",1,mending tobat
364,"""selama dipenjara apalo sikat gigi? KOK BAU YA, BAUBAU AROMA BANGSATTTT""",0,penjara apalo sikat gigi bau ya baubau aroma bangsatttt
365,"""Gigi lo ada apanya? Jigong? Atau kondom nya nyangkut?""",0,gigi apa jigong kondom nya nyangkut
366,"""ih mukanya kek anjing rumah gwa""",0,ih muka kek anjing rumah gwa
367,"""woi anak anjing ngapain lu hidup bgst""",0,woi anak anjing ngapain hidup bgst
368,"""Udah jelek gak usah d jelek2 in lagi bro""",0,jelek jelek in bro
369,"""Ganteng kagak berbakat juga kagak kelebihannya dimana cobak?""",0,ganteng bakat lebih cobak
370,"""Benci aja Ama orang jelek pake selingkuh segala""",0,benci ama orang jelek pakai selingkuh
371,"""Udah tutup mulut nya bau kambing""",0,tutup mulut nya bau kambing
372,"""Jualan jualan knp ngga jadi yutuber lagi bro takut ngga ada yg nntn yah""",0,jual jual yutuber bro takut nonton yah
373,"""Kayak Randy Pangalila klo gk pake kacamata""",1,randy pangalila pakai kacamata
374,"""Entah knp liat muka BG Eric sekarang kaya enak gitu .. dari pada yg dulu""",1,liat muka eric kaya enak
375,"""Apa ganteng nyasih anjing.. Kucel gini jadiin model""",0,ganteng nyasih anjing kucel gin model
376,"""keknya dia ngeliat masa depan yang hancur deh""",0,ngeliat hancur deh
377,"""INGETT HIDUP LO DULU GA SEENAK INI RIKKK. HIDUP LO SUSAH!!!! SALAM TEMEN SMP PAS LO BURIKKK. EH SKRG SAMA AJA""",0,ingett hidup enak rikkk hidup susah salam teman smp pas burikkk eh
378,"""Yaaaa yaaa kalo liat muka nya sumpah ngeselin banget dah‚Ä¶.oprasi dulu sono..biar gantengan dikit.. Dan kalo jln ke mall gk di kenal orng.""",0,yaaaa yaaa liat muka nya sumpah ngeselin dahoprasi sonobiar ganteng jalan mall kenal orang
379,"""dia ini siapa sih??? Artis bukan, jelek mah iya mukanya iyuhhh""",0,sih artis jelek mah iya muka iyuhhh
380,"""Ini bukan era lo lagi, mending lo mati aja babi. Kalo baca bales nyet""",0,era mending mati babi baca balas nyet
381,"""Saya segenap hati minta maap""",1,segenap hati maaf
382,"""Dulu Bahagia Sekarang Banyak Utang""",0,bahagia utang
383,"""Harus lebih maju berkelas rik!! Ga jamannya lg toxic dan ga beraturan.. build sistem!! You will be BIG""",1,maju kelas rik jaman toxic atur build sistem you will be big
384,"""editan sama konsepnya nice banget lahhh""",1,edit konsep nice lahhh
385,"""iri kok sama babi hahah najis""",0,iri babi hahah najis
386,"""LO YANG DULU BUKANLAH YANG SEKARANG DULU KAYA ANJING SEKARANG KAYA BABI""",0,kaya anjing kaya babi
387,"""Jelek aja tukang selingkuh lo buriq !""",0,jelek tukang selingkuh buriq
388,"""kok kalian komennya pada kek gini ya""",1,komennya kek gin ya
389,"""Rick lu tuh jadi manusia kek gk ada gunanya lu dilahirin kedunia untuk berbuat baik, sayang nya lu ngecewain org lain gimana mo masuk surga""",0,rick tuh manusia kek guna dilahirin dunia buat sayang nya ngecewain orang gimana masuk surga
390,"""Kalian kaloga cocok mau di paksain?""",1,kaloga cocok paksain
391,"""ya biarin @xrickolim kita gatau gimana aslinya masa kalian semua ambil keputusan sepihak?kalo udah takdir gaada yang bisa nentang njir""",1,ya biarin xrickolim gatau gimana asli ambil putus sepihakkalo takdir nentang njir
392,"""Cocok kok, emang orang baik mah buat org baik, kalo yg bejat mah emang cocok buat yang bejat juga ehehe""",0,cocok orang mah orang bejat mah cocok bejat ehehe
393,"""ERICK GOBLOK,MALAH PACARAN AMA LONTE ANJ,SO BAT""",0,erick goblokmalah pacar ama lonte anjso bat
394,"""Cocok banget sama2 orang gak bener biar lah dia hancur bersama""",0,cocok orang biar hancur
395,"""EH KEK ADA PENAMPAKAN LONTE""",0,eh kek tampak lonte
396,"""Meninggalkan berlian demi Tai Sapi""",0,tinggal berlian tai sapi
397,"""Ini bukan era lo lgi, wkwkw skrng lo penuh dengan cacimaki, telen ludah sendiri""",0,era wkwkw penuh cacimaki telen ludah
398,"""Pantes disini mulainya si ajg berulah""",0,pantes mulai si ajg ulah
399,"""Open BO ga bang si listy? Kebetulan ada om-om yg nyari cwe yg udah pengalaman!!!!""",0,open bo bang si listy omom cari cewek alam
400,"""Buah nangka buah kemanggi gak ada akhlak lu babi""",0,buah nangka buah kemanggi akhlak babi
401,"""Perlahan karirmu ancur bro dan lu akan kembali kebawan""",0,perlahan karirmu hancur bro kebawan
402,"""Biarkan @sk69official bangkrut aja. CEO nya gatau trimakasih haha""",0,biar skofficial bangkrut ceo nya gatau terima kasih haha
403,"""ngapain juga nginap di rumah cowo, gaada keluarga lg lo?""",0,ngapain nginap rumah cowok keluarga
404,"""Eh ada pelakor, pas banget frame ke tiga, orang ke 3""",0,eh pelakor pas frame orang
405,"""Anak gblk dikasi berlian malah milih kerikil""",0,anak gblk kasi berlian pilih kerikil
406,"""Dikasih bidadari malah milih dajjal awokawok:v""",0,kasih bidadari pilih dajjal awokawokv
407,"""Jangan cuman bisa ngehina Dong Sadar Kalian Itu Ga sempurna sama kaya kami""",1,ngehina sadar sempurna kaya
408,"""Kesihan gue sama org otak dangkal kek gini""",0,sih orang otak dangkal kek gin
409,"""Murahh banget lo jijik gue ‚Ä¶. Dikick EVOS mlah open BO""",0,murahh jijik dikick evos open bo
410,"""senengnya sekali nyesel nya seumur hidup, miris banget hidup lu tolol meninggalkan berlian yang indah dipandang dan di sayang demi segumpal tai kucing""",0,neng sesal nya umur hidup miris hidup tolol tinggal berlian indah pandang sayang gumpal tai kucing
411,"""Indahnya pemandangan banyak LonT lonT mau di jual""",0,indah pandang lont lont jual
412,"""bidadari sudah ditunjukan , bahwa mmg g pantes sma dajjal g tau diri""",0,bidadari tunjuk pantes sma dajjal
413,"""siapapun tolong kasih tau aku ini masalah nya apaa gais""",1,tolong kasih nya apaa gais
414,"""dikasih hati yg malaikat milih yg berhati iblis greget:(""",0,kasih hati malaikat pilih hati iblis greget
415,"""Di kasih bidadari malah pilih kotoran""",0,kasih bidadari pilih kotor
416,"""Dikasih bidadari malah minta lonte""",0,kasih bidadari lonte
417,"""Gajadi beli Model murahan barang pasti murahan""",0,beli model murah barang murah
418,"""Modelny aja murahan apalagi barangnya""",0,modelny murah barang
419,"""muka macem pengamen gegayaan selingkuh, untung udh ga sm jane lg, kebanting sm jane muke lu""",0,muka macem amen gegayaan selingkuh untung jane banting jane muka
420,"""Males beli gua,gara gara ada lonte""",0,males beli guagara gara lonte
421,"""Padahal bulug gini ya mukanya.. ehh,, maaf..""",0,bulug gin ya muka ehh maaf
422,"""Padahal cantikan jessica kemana mana""",1,cantik jessica
423,"""Dikasih bidadari malah milih sampah""",0,kasih bidadari pilih sampah
424,"""yaelah muka pas""an aja bangga lu njing""",0,yaelah muka pas bangga njing
425,"""Wah ibarat lebih milih iblis daripada bidadari haha""",0,pilih iblis bidadari haha
426,"""@rangga_kanahaya knp gk truck sampah, kek mukanya sampah""",0,ranggakanahaya truck sampah kek muka sampah
427,"""Gajadi beli, takut ketularan lonte nya""",0,beli takut tular lonte nya
428,"""hanya bisa melihat hujatan klean kasian si listy kontrak nya d copot , di hujat memang dunia sgt kejam""",1,hujat klean kasihan si listy kontrak nya copot hujat dunia kejam
429,"""Jangan beli baju lonte entar kena sial""",0,beli baju lonte kena sial
430,"""Dasar cewe lo itu LONTE tau kau!""",0,dasar cewek lonte
431,"""Disini pada kenapa dah? Aku gapaham tolong""",1,gapaham tolong
432,"""Itu ditengah manusia apa monyet kok kulitnya bercorak batik""",0,tengah manusia monyet kulit corak batik
433,"""Muka lu sama anjing gwe..lebih ganteng anjing gwe rik""",0,muka anjing gwelebih ganteng anjing gwe rik
434,"""Buat kalian para pens lonte jgn tkut listi Miskin krna dipecat, krna dia bsa kaya lgi, dgn cara ya nglonte""",0,pens lonte takut listi miskin pecat kaya ya nglonte
435,"""Etdah ninggalin yang baik demi lonte, situ waras mas wkwk""",0,etdah tinggal lonte situ waras mas wkwk
436,"""Gw melihat cewek murahan di postingan ini""",0,cewek murah postingan
437,"""yang kedua dari sebelah kanan itu batik apa orang dah? kok warna nya kek taek babi si?""",0,belah kanan batik orang warna nya kek taek babi si
438,"""Ih ko muka jelek banget siii serem kek setan""",0,ih ko muka jelek siii seram kek setan
439,"""Itu yang foto ketiga jablay murahan bukan?""",0,foto tiga jablay murah
440,"""Jelek aja tukang selingkuh lo buriq !!!!""",0,jelek tukang selingkuh buriq
441,"""Emang kalian se suci apa sampai nghina dia segitu nya""",1,suci nghina segitu nya
442,"""Mending yang follow pada unfollow Udeh gausah ribet""",1,mending follow unfollow ribet
443,"""Dekil tatoan, mampus karir Lo hancurr pantek""",0,dekil tato mampus karir hancurr pantek
444,"""Udah ada berlian malah milih batu nisan""",0,berlian pilih batu nisan
445,"""Alasan setan ama setan, KARNA KALO SETAN SAMA BIDADARI, SAYAPNYA RONTOK, DICEKER, DIGIGIT, DIJAMBAK2""",0,alas setan ama setan setan bidadari sayap rontok ceker gigit jambak
446,"""Lagian juga Erick gak ada akhlak jelek lagi Listy juga jelek""",0,erick akhlak jelek listy jelek
447,"""Setan ma setan mahh emg cocokk udee""",0,setan ma setan mahh cocokk udee
448,"""Lonte kurus pucet kek mayat hidup""",0,lonte kurus pucet kek mayat hidup
449,"""Itu muka apa tutup panci wkwkekek jelek nya ampe ke ubun ubun""",0,muka tutup panci wkwkekek jelek nya ubun ubun
450,"""@xrickolim smngat trus bro tiada manusia yg sempurna kmu pasti bisa bangkit n jadi lebih baik GBU keepstrong""",1,xrickolim smngat bro tiada manusia sempurna bangkit n gbu keepstrong
451,"""bego anak orang udah ga perawan noh gara"" lu wkwkw""",0,bodoh anak orang perawan noh gara wkwkw
452,"""Frustasi..Sudah habis uangnya..Kasihannn""",0,frustasisudah habis uangnyakasihannn
453,"""Bro buat lu pada yg ngehujat erick tpi masih punya masala sendiri jangan sok keras""",1,bro ngehujat erick sok keras
454,"""Semangat Rick untuk usaha barunya""",1,semangat rick usaha baru
455,"""Hadehh muka kaya tong sampah .""",0,hadehh muka kaya tong sampah
456,"""banyak banget omongan kasar disini, tobat lah kawan kawan.. cukup comment kasar nya""",1,omong kasar tobat kawan kawan comment kasar nya
457,"""Ni org jelek ga ada obat.kok jj mau liat apa ya..""",0,ni orang jelek obatkok jj liat ya
458,"""Semangat bang, walaupun banyak orang yang ngejudge lu. Jangan peduliin mereka""",1,semangat bang orang ngejudge peduliin
459,"""Tuhan yesus baik semangat rick""",1,tuhan yesus semangat rick
460,"""Jangan di bales komen hate bang bikin sakit jempol, mending lanjut berkarya:)""",1,balas komen hate bang bikin sakit jempol mending karya
461,"""Eh lo nyadar ga ? Udah dekil terus tatoan, jadi nya kaya daki haha""",0,eh nyadar dekil tato nya kaya daki haha
462,"""jelek dapet selingkuhan jelek juga keren yaa imbang wkkw""",0,jelek selingkuh jelek keren yaa imbang wkkw
463,"""Wah ngehina fisik ni orang,ga bener ya wkwkwkwk""",1,ngehina fisik ni orangga ya wkwkwkwk
464,"""BUNUH DIRI LAH SONO GOBLOX""",0,bunuh sono goblox
465,"""Sabar semua komentar ini ujian""",1,sabar komentar uji
466,"""Santai rick yg ngehujat lo belom tau perjalanan hidup lo aja! Mereka hanya sok suci!""",1,santai rick ngehujat jalan hidup sok suci
467,"""Yang sabar yah,tetep semangat ngejar karirnya jangan dengerin kata orang mereka Cuma bisa ngebacot di komen doank""",1,sabar yahtetep semangat ngejar karirnya dengerin orang ngebacot komen
468,"""Erick masuk neraka jalur selingkuh bos""",0,erick masuk neraka jalur selingkuh bos
469,"""Trs berkarya walaupun brd di titik sprti ini""",1,karya brd titik
470,"""Stop lah ngatain orang lain lu pada itu yg ngatain orang lain ngaca dlu sebelum ngatain kayak suci aja hidup lu pada""",1,stop ngatain orang ngatain orang ngaca ngatain suci hidup
471,"""Yang ngatain keknya idupnya gapernag bikin kesalahan""",1,ngatain idupnya gapernag bikin salah
472,"""Jadi gila kau rupanya karna gak laku lagi di YouTube""",0,gila laku youtube
473,"""Kasian yah sdh stress banyak masalah""",0,kasihan yah stress
474,"""Kok jatohnya malah kek ajg sih rikkk""",0,jatohnya kek ajg sih rikkk
475,"""Karir turun jadi autis kasian hahah""",0,karir turun autis kasihan hahah
476,"""erick yang kek gini yang gua kangenin, keep it up bruuh""",1,erick kek gin kangenin keep up bruuh
477,"""Udah mau autis iya bg awokawkk""",0,autis iya awokawkk
478,"""Kasian masih muda udah stresss""",0,kasihan muda stresss
479,"""Banyak komen yg support malah ketutup yg hate bgst emang IG""",1,komen support tutup hate bgst ig
480,"""Maudy cantik na natural bnr2 cantik bgt, cantik luar dlm""",1,maudy cantik na natural cantik cantik
481,"""Bikin konten YouTube Student life at standford @maudyayunda seperti waktu S1 at Oxford. Fansmu pada nungguin nih.""",1,bikin konten youtube student life at standford maudyayunda s at oxford fansmu tunggu nih
482,"""Aura org pinter emg shining ya bun @hy_dindut""",1,aura orang pintar shining ya bun hydindut
483,"""Paket lengkap deh.. udh cantik pintar lagi""",1,paket lengkap deh cantik pintar
484,"""Sukaa bnget sm artis ini‚Ä¶ nggak neko2.. dan natural bngett""",1,sukaa artis neko natural bngett
485,"""Cantik, pintar bertalenta, ortu mana yg gak kepengen punya anak kyk mba maudy""",1,cantik pintar talenta orangtua anak mba maudy
486,"""Idih mak lampir, dibanding uya ma lu, lu bagaikan butiran debu,, lu dikenal karena bacot‚Ä¶ rajin2 ngaca deh""",0,idih mak lampir banding uya ma butir debu kenal bacot rajin ngaca deh
487,"""Anjirlah muka lo kek kuntilanak malah sok cantik""",0,anjir muka kek kuntilanak sok cantik
488,"""Mbak cadel yg bangga dengan cadelnya,, Harusnya sih kasihan karna cadel tapi lama"" jadi jijik kenapa gak sekalian bisu aja""",0,mbak cadel bangga cadel sih kasihan cadel jijik bisu
489,"""Uda pinter, cantik gak kebanyakan tingkah. Perfect""",1,pintar cantik banyak tingkah perfect
490,"""Hati-hati mody jangan keluar sendirian jaga-jaga serangan brutal rasisme, wajahmu sekilas mirip onnie2 korea. Tetap waspada""",1,hatihati mody jagajaga serang brutal rasisme wajah kilas onnie korea waspada
491,"""Bikin konten Youtube daily activity di Stanford dong kak @maudyayunda""",1,bikin konten youtube daily activity stanford kak maudyayunda
492,"""Motivasi ku ka Maudy cantipp bngt""",1,motivasi ka maudy cantipp
493,"""Semoga kecerdasan Mbak Maudy bermanfaat bagi agama, nusa, dan bangsa.. Aamiin""",1,moga cerdas mbak maudy manfaat agama nusa bangsa aamiin
494,"""Damage nya cewek pinter gada lawann""",1,damage nya cewek pintar lawann
495,"""cantikan waktu berisi dulu‚Ä¶ sekarang kurus bgt, kurus begini auranya kurang""",0,cantik isi kurus kurus aura
496,"""cantik sih, tapi sayang kurus ya. padahl udh nikah lo, kurang bahagia sama pernikahannya?""",0,cantik sih sayang kurus ya padahl nikah bahagia nikah
497,"""masih good vibes walaupun sedang lapar""",1,good vibes lapar
498,"""kakak cantik bgt bismillah cerdasnya nular""",1,kakak cantik bismillah cerdas nular
499,"""Bego lu. Alam semesta dan seisinya pun serentak murka mendengarkan lagumu""",0,bodoh alam semesta isi serentak murka dengar lagu
500,"""Dua2 nya cantik banget masya Allah""",1,nya cantik masya allah
501,"""ka nisa mirip ariana grande masa""",1,ka nisa ariana grande
502,"""Adiknya Kak Maudy, cantik, pinter, aura positifnya keluar, ramah, lemah lembut, rajin, sholeha""",1,adik kak maudy cantik pintar aura positif ramah lemah lembut rajin sholeha
503,"""Sekilas yg abu mirip ariana grande haha""",1,kilas abu ariana grande haha
504,"""Yang satu nya mirip Ariana grande""",1,nya ariana grande
505,"""Kakak sama adek sama sama cantik ya aku suka sama dua duanya""",1,kakak adik cantik ya suka dua
506,"""Rambutnya kak modd bagussss‚Ä¶ Item berkilauu""",1,rambut kak modd bagussss hitam berkilauu
507,"""Cantik semua congrats kak msuk nominsi tc candler""",1,cantik congrats kak msuk nominsi tc candler
508,"""Maudy enak bet dah cantik iya pinter iya""",1,maudy enak bet cantik iya pintar iya
509,"""kukira dedeknya berdiri itu mau mukul bang jer pake ukulele‚Ä¶ ternyata aku salah salah :""""",1,kira dedek diri mukul bang jer pakai ukulele salah salah
510,"""Bang jerome KLO nyanyiny kek gini bagus suaranya ganyangkaaa""",1,bang jerome nyanyiny kek gin bagus suara ganyangkaaa
511,"""Sutan kamu sangat lucu dan menggemaskan""",1,sutan lucu gemas
512,"""Bang sering-sering dong buat vidio bareng sutan dia kayanya juga seneng ama bang jerom""",1,bang seringsering vidio bareng sutan kayak senang ama bang jerom
513,"""Klu @jeromepoline buat video tapi berdua aja seharian sama anak kecil, hahah lucu juga gimana riwehnya""",1,jeromepoline video dua hari anak hahah lucu gimana riwehnya
514,"""Muka lu kok cabul banget sih bg hahah""",0,muka cabul sih hahah
515,"""Dari raut mukanya aja udh terlihat seperti org kalah judi dan tidak pernah makan enak""",0,raut muka orang kalah judi makan enak
516,"""Kak jerome kayak boneka tau hahah""",1,kak jerome boneka hahah
517,"""Mukbang makanan sehat dong kak. Salad jepang gituuu.""",1,mukbang makan sehat kak salad jepang gituuu
518,"""Yakinin dulu niatnya bg‚Ä¶ Semoga sukses""",1,yakinin niat moga sukses
519,"""Bang, aku nonton kamu setelah aku kerja di Jepang. Bermanfaat bgt kontennya jd gampang kalo mau nyari apa apa di Jepang""",1,bang nonton kerja jepang manfaat konten gampang cari jepang
520,"""Cuman rumus diet ini yg ga bisa dipecahka ya bang?""",1,rumus diet dipecahka ya bang
521,"""Perut makin maju tpi semangat jangan tak maju""",1,perut maju semangat maju
522,"""Pantesan kak Jessica bilang bang jerom beruang wkwkwk""",1,kak jessica bilang bang jerom beruang wkwkwk
523,"""Aduhh susah klo urusan sma Jerome rumus matematika terus bahasannya‚Ä¶ Apakah daya diriku yg lebih suka bhs Inggris drpd matematika""",1,aduhh susah urus sma jerome rumus matematika bahas daya diri suka bahas inggris matematika
524,"""Kaya tulus ya mukanya klo diliat2""",1,kaya tulus ya muka liat
525,"""Kak Jerome, bagi trik biar bisa paham dan ingat cepat rumus matematika, dung:)""",1,kak jerome trik biar paham cepat rumus matematika dung
526,"""Baru x ini baca caption harus mikir dan pakai kalkulator cuyyy hahaha""",1,x baca caption mikir pakai kalkulator cuyyy hahaha
527,"""Sumpah si kak, kemeja jeans bikin keliatan seger bgt mantap mantap""",1,sumpah si kak kemeja jeans bikin seger mantap mantap
528,"""Mirip ama aktor korea yg main di film reply 1988 yg jadi kaka nya jung hwan wkwk""",1,ama aktor korea main film reply kaka nya jung hwan wkwk
529,"""iya bang jer terlihat berbeda klo pake style kayak gini lebih terlihat fresh anak gaul""",1,iya bang jer beda pakai style gin fresh anak gaul
530,"""Klo style ke gini pas gitu bang sma umur lu yg msh muda keliatan lbh fresh aja sesuai sma umur""",1,style gin pas bang sma umur muda fresh sesuai sma umur
531,"""Kok makin dewasa makin imutt aih cipaaaaaa""",1,dewasa imutt aih cipaaaaaa
532,"""maniss bangettt pengen dah punya senyuman manis kayak ka syifaaa""",1,maniss bangettt ken senyum manis ka syifaaa
533,"""Nih orang manis bnget sihh ga ngerti lagi""",1,nih orang manis sihh ngerti
534,"""Kakak pinter nyanyi ya @syifahadjureal, suaranya bagus kak""",1,kakak pintar nyanyi ya syifahadjureal suara bagus kak
535,"""Gk salah kalo kak syifa cantik mamahnya aja cantik bgtt!! Jujurr""",1,salah kak syifa cantik mamah cantik bgtt jujurr
536,"""Lelaki yg mendapatkan km. Adalah lelaki yg beruntung.""",1,lelaki lelaki untung
537,"""Kamu mirip bgt ayahmu kalo adikmu mirip bgt mamamu""",1,ayah adik mama
538,"""Kakak udah cantik sii, tapi cantikan lagi kalo pake hijab""",1,kakak cantik sii cantik pakai hijab
539,"""Gemeshh rasanya kaya aku pengen cubit""",1,gemeshh kaya ken cubit
540,"""@angelkmgi ini paling cute sih, ganteng parah msh kecil jg""",1,angelkmgi cute sih ganteng parah
541,"""Pengen gw pacul mulut lo!! woii anjeng busuk""",0,ken pacul mulut woii anjeng busuk
542,"""Sering blg ke org2 artis cewek yg menurutku paling cantik syifa sama ziu""",1,bilang orang artis cewek turut cantik syifa ziu
543,"""Ka cipa tu uda cantik, baik, manis bgt pula, manisnya tu nglebihin gula""",1,ka cipa cantik manis manis nglebihin gula
544,"""Dilihat sekilas pun tampak jelas kalau cantikkan syifa""",1,kilas cantik syifa
545,"""Setuju g sih? Si dia tetep cntik bgt meski g pke make up‚Ä¶ lah aku g pke make up pucet bgt kyk g makan setahunn""",1,tuju sih si cntik pakai pakai up pakai pakai up pucet makan setahunn
546,"""dahlahh emang cantik luar dalam kmu ini cippp""",1,dahlahh cantik cippp
547,"""Muka cantik tanpa make up hini, bahagia bgt kali ya yg jadi suaminya, bisa liat bidadari setiap harinya.""",1,muka cantik pakai up hini bahagia kali ya suami liat bidadari hari
548,"""Suka bgtt sm kak cipaa.. orangnya humble sm semua orang dan banyak temannya juga""",1,suka bgtt kak cipaa orang humble orang teman
549,"""Artis remaja di Indonesia yg manis bgt kalo senyum Cuma dia deh perasaan yg nempel di hati""",1,artis remaja indonesia manis senyum deh asa nempel hati
550,"""Aku doakan perempuan baik yg bernama Nagita selalu sehat, bahagia lahir batin, dan banyak yang sayang sm dia..""",1,doa perempuan nama nagita sehat bahagia lahir batin sayang
551,"""Rafathar nya mantull ni, pulang nggk jd nginep karna nggk ada temen mamany d rmh papany belum pulangg.. jd jagain dan temenin mama dulu  ya aa""",1,rafathar nya mantull ni pulang inap teman mamany rumah papany pulangg jagain teman mama ya aa
552,"""kultur kerja kaya gini menurut gw bagus si ga kapitalis banget, petingginya juga ikut kerja misal ngevlog atau endors, semoga gaji juga ga senjang si haha""",1,kultur kerja kaya gin bagus si kapitalis petinggi kerja ngevlog endors moga gaji senjang si haha
553,"""Pantas pada senang kerja di Rans.. mbak gigi nggak ngebossy..""",1,senang kerja rans mbak gigi ngebossy
554,"""Seneng yaa lihat orang sukses meeting. Ya Allah pengen sukses kayak gitu biar ada status di instastory""",1,senang yaa lihat orang sukses meeting ya allah ken sukses biar status instastory
555,"""smga semua kelg dan crew sehat semua.. dan rejeki trs lancar ya kak gigi..""",1,moga kelg crew sehat rejeki lancar ya kak gigi
556,"""Fokus ke nagita pas mau minum masih sempet baca doa. keren bgt hasil dari didikan orang tua nya""",1,fokus nagita pas minum sempet baca doa keren hasil dik orang tua nya
557,"""Kasihan ya , Nagita punya suami kerjaannya berzinah terus""",0,kasihan ya nagita suami kerja berzinah
558,"""Koreaable banget face rafathar cakep ganteng manis banget""",1,koreaable face rafathar cakap ganteng manis
559,"""MasyaAllah Rafathar tambah besar makin tambah ganteng bgt gk kuat ngeliat alisny‚Ä¶""",1,masyaallah rafathar ganteng kuat ngeliat alisny
560,"""Kok mirip siwon ya lama2, apa perasaan gw aja.""",1,siwon ya asa
561,"""Lucunya berasa kayak kaka dan adek""",1,lucu asa kaka adik
562,"""Itu wajah nagita kya masih umur 20an""",1,wajah nagita kya umur an
563,"""Foto no edit edit ya saayy kamera nyaa bening,,, model fotonya pun juga bening gak perlu pakai filter tipu tipu""",1,foto nomor edit edit ya saayy kamera nyaa bening model foto bening pakai filter tipu tipu
564,"""Look-nya Rafathar emang gak bisa dipungkiri, diborong gen mama gigi semua HAHA.""",1,looknya rafathar dipungkiri borong gen mama gigi haha
565,"""Nagita masa kaya anak muda coba cantikk bangeett""",1,nagita kaya anak muda coba cantikk bangeett
566,"""Masyaallah mamany cantik anakny ganteng, perfect""",1,masyaallah mamany cantik anak ganteng perfect
567,"""Kaya adek kakak.. kak gigi keliatan muda banget""",1,kaya adik kakak kak gigi muda
568,"""Tambah gede aja rafathar ya tambah pinter ya Rafathar""",1,gede rafathar ya pintar ya rafathar
569,"""Mama gigi kalau rambutnya agak pirang tambah cantik dan tampak lebih muda""",1,mama gigi rambut pirang cantik muda
570,"""OOTD mama gigi simple tapi elegan dilihat nya, masyaallah""",1,ootd mama gigi simple elegan nya masyaallah
571,"""Masyaallah mamah gigi bening bet dah, sehat selalu mamah gigi dn keluarga""",1,masyaallah mamah gigi bening bet sehat mamah gigi keluarga
572,"""mama gigi ketemu gajah. gajahnya seneng sampai ketawa gitu ahhaha.""",1,mama gigi ketemu gajah gajah senang tertawa ahhaha
573,"""Ya allah ga tau knp ak suka setiap lihat nagita pake dress modelnya cakep cakep""",1,ya allah suka lihat nagita pakai dress model cakap cakap
574,"""i see beauty in everything mba gigi sehat selalu sama dede bayi nya""",1,i see beauty in everything mba gigi sehat dede bayi nya
575,"""Mama gigi cantik banget‚Ä¶ look younger than her age.. love mama gigi""",1,mama gigi cantik look younger than her age love mama gigi
576,"""Semoga adeknya rafathar menjadi anak yang tangguh kuat cerdas""",1,moga adeknya rafathar anak tangguh kuat cerdas
577,"""Pakaian apapun yg dipake mama gigi selalu keceee""",1,pakai apa pakai mama gigi keceee
578,"""Terima kasih kak Nagita @raffinagita1717 sudah support Molly si gajah dan satwa-satwa di Bali Zoo lainnya dengan kunjungannya bersama keluarga""",1,terima kasih kak nagita raffinagita support molly si gajah satwasatwa bal zoo kunjung keluarga
579,"""Kaya ny gajahnya merasakan aura positif nya mb gigi itu‚Ä¶ kelihatan sumringah jg gajahnya loo..""",1,kaya nya gajah rasa aura positif nya mb gigi sumringah gajah loo
580,"""Manis banget mbak gigi.. Masya Allah.. hamil semakin bersinar..""",1,manis mbak gigi masya allah hamil sinar
581,"""Mama gigi gapernah ga cantik sih kalo menurut aku.""",1,mama gigi cantik sih
582,"""Semoga sehat selalu bayi dalam kandungan nya sama ibunya ya.""",1,moga sehat bayi kandung nya ibu ya
583,"""Cantik banget semoga sehat selalu kakak panutan""",1,cantik moga sehat kakak panutan
584,"""MasyaAllah selalu mempesona baik kaum adam maupun kaum hawa""",1,masyaallah pesona kaum adam kaum hawa
585,"""Gak ada orang lain yang bangun tidur siang secantik ini selain ka yaya""",1,orang bangun tidur siang cantik ka yaya
586,"""makin tua makin muda yehh mukanya, mana cantik bngett mo nangiss ampun cantik terus ka yaya""",1,tua muda yehh muka cantik bngett nangiss ampun cantik ka yaya
587,"""Gapaham lagi cakeup nya natural Masyaallah""",1,gapaham cakeup nya natural masyaallah
588,"""Raisa mah tipe cantik tapi sopan santun pakaiannya""",1,raisa mah tipe cantik sopan santun pakai
589,"""ka yayaaa, why are you always stunning pretty girl.""",1,ka yayaaa why are you always stunning pretty girl
590,"""Ya Allah ni orang apa peri, cantik amatt""",1,ya allah ni orang peri cantik amatt
591,"""Kenapa cantik banget aku heran dilihat dari samping kanan kiri depan dll tetep aja cantik""",1,cantik heran samping kanan kiri cantik
592,"""BISA BERHENTI CAKEP GA KAKK? PUSINGGGG IH""",1,henti cakap kakk pusingggg ih
593,"""Cantik bajunya keren warnanya bikin pangling""",1,cantik baju keren warna bikin pangling
594,"""Sudah dongggg dan sudah di liked juga.. congratulations""",1,dongggg liked congratulations
595,"""Udaaaahh nontonnnnn.. lagunya bajunya makeup dan hairdo nyaaa sukaakkkk""",1,udaaaahh nontonnnnn lagu baju makeup hairdo nyaaa sukaakkkk
596,"""Raisa sekarang ngak monoton‚Ä¶. Jadi suka deh‚Ä¶. Sering2 kek gini‚Ä¶.""",1,raisa monoton suka deh kek gin
597,"""udah dong. Lagi ngunyah aja cute banget""",1,kunyah cute
598,"""Penyihir secantik ini gue rela dikutuk jadi tokek laut""",1,sihir cantik rela kutuk tokek laut
599,"""Ya ampun kak makan apa sih kok bisa cantik banget""",1,ya ampun kak makan sih cantik
600,"""Ya allah kek anak yg msh batita klo lg ngambek manyunnya begitu, gemes hahaha""",1,ya allah kek anak batita marah manyunnya gemes hahaha
601,"""Aku udah. Dan sumpah bagus banget. Serasa liat cerita disney gitu""",1,sumpah bagus serasa liat cerita disney
602,"""lu lebih gak sopan, mukak lu kayak babi!""",0,sopan mukak babi
603,"""ya Allah kenapa begitu sempurna sih ciptaanmu yg satu in""",1,ya allah sempurna sih cipta in
604,"""Ragu aja cantiknya udh kek gini, gmn kl yakin yak, cantiknya kek apa, heran""",1,ragu cantik kek gin yak cantik kek heran
605,"""Bukan keliatan ragu, tapi keliatan cantik""",1,ragu cantik
606,"""Warna yang paling bikin Raisa makin shinning itu merah, hitam, putih, pink and emerald""",1,warna bikin raisa shinning merah hitam putih pink and emerald
607,"""Raisa pake baju merah sumpahh cantik bgttt""",1,raisa pakai baju merah sumpahh cantik bgttt
608,"""Liriknya pendek tp susah di hafal pas awal awal, begitu di puter beberapa kali eh kok candu banget""",1,lirik pendek susah hafal pas putar kali eh candu
609,"""Demi apa, Kak Yaya gk pernah ngeRAGUin para pendengar lagu2 nya""",1,kak yaya ngeraguin dengar lagu nya
610,"""Ka yaya kalo ragu tetep secantik itu yah :"")""",1,ka yaya ragu cantik yah
611,"""Ragu aja cantik kan kak, apalagi kalau serius""",1,ragu cantik kak serius
612,"""Ngga alay. Ngga muluk muluk. Natural. Sukaaaa",1,alay muluk muluk natural sukaaaa
613,"""seru bgt gemoy, tim berkebun plus tim alam bgt niiii""",1,seru gemoy tim kebun plus tim alam niiii
614,"""nikmatnya bisa menghirup oksigen dengan bebas ya :)""",1,nikmat hirup oksigen bebas ya
615,"""Slide kedua mukanya mau gaya apa aja tetep cantikk""",1,slide muka gaya cantikk
616,"""mba isyana foto gelap2an gini aja aesthetic bgt ya""",1,mba isyana foto gelap gin aesthetic ya
617,"""mba isyana udah cantik suaranya bagus kompeten pula, ah sukaaaa""",1,mba isyana cantik suara bagus kompeten ah sukaaaa
618,"""Ga Taulah aku juga suka banget sama gayanya isyan""",1,tau suka gaya isyan
619,"""Kangen nonton konser isyan secara lgsg, meskipun msh bisa virtual, Cuma experience-nya lebih dapat aja gitu""",1,kangen nonton konser isyan langsung virtual experiencenya
620,"""Congrats ka @isyanasarasvati, terus berkarya, makin sukses‚Ä¶ dan terus mnjd inpirasi kita semua‚Ä¶""",1,congrats ka isyanasarasvati karya sukses mnjd inpirasi
621,"""Congrats kak, kamu memang pantes mendapatkannya""",1,congrats kak pantes dapat
622,"""Saya berharap kak @isyanasarasvati panjang umur. Sehingga bisa jadi inspirasi untuk musisi seluruh Indonesia. Saya suka musik indonesia dengan adanya kak Isyana""",1,harap kak isyanasarasvati umur inspirasi musisi indonesia suka musik indonesia kak isyana
623,"""Udah cantik, rada gesrek tapi ya ini banyak kelebihannya, semangat tetap produktif""",1,cantik gesrek ya lebih semangat produktif
624,"""Gatau lagi, serasa nonton wtf beneran di jkt meski virtual and thankyouu for the performance kak syan! Selalu keren dan pecah! Tak pernah sekalipun mengecewakan""",1,gatau serasa nonton wtf jakarta virtual and thankyouu for the performance kak syan keren pecah kecewa
625,"""Walaupun ga pernah lihat ka isyana live beneran di panggung. Tp aku terpesona bgt ama live virtual asli keren""",1,lihat ka isyana live panggung pesona ama live virtual asli keren
626,"""yash we the fest even virtual tapi tetep keren bgt kak syann huaaa energi nya dpt bgt""",1,yash we the fest even virtual keren kak syann huaaa energi nya
627,"""Keren banget!!! walaupun sebentar tapi mantap abis! Ditunggu karya selanjutnya ya kak! Stay safe and healthy isyana ku""",1,keren sebentar mantap habis tunggu karya ya kak stay safe and healthy isyana
628,"""makaseh jugaa kakaaa inyeeuuuu semoga aku bisa pantang menyerah seperti kakak dan teman musisi lainnya yaaa""",1,makaseh jugaa kakaaa inyeeuuuu moga pantang serah kakak teman musisi yaaa
629,"""Thank you juga, Syan! Seneng banget kemarin haha! Semoga setelah pandemi ini, semua rencana dilancarkan ya, Syan!""",1,thank you syan senang kemarin haha moga pandemi rencana lancar ya syan
630,"""hua seneng bgt kmrn walaupun Cuma 35 menitan tp seneng liat isyan, adaptasi kebiasaan baruku semoga bisa lebih teratur maemnya, ditunggu karya selanjutnya kaka""",1,hua senang kemarin menit senang liat isyan adaptasi biasa baru moga atur maemnya tunggu karya kaka
631,"""senang akhirnya indonesia bisa mempunyai musisi idealis berkualitas tinggi yg masih bisa terus berkarya & diapresiasi oleh banyak orang‚Ä¶""",1,senang indonesia musisi idealis kualitas karya apresiasi orang
632,"""Berharap bisa menghadirkan musisi dgn genre yang lain dr yg sudah ada di industri‚Ä¶ biar musik Indonesia lebih berwarna""",1,harap hadir musisi genre industri biar musik indonesia warna
633,"""congrats kak isyan semoga semua impian-impian baiknya segera bisa terwujud aamiin""",1,congrats kak isyan moga impianimpian baik wujud aamiin
634,"""Bener bener idola, dr musisi yang dipandang sebelah mata sampe buat label musik sendiri, congrats syan""",1,idola musisi pandang belah mata label musik congrats syan
635,"""CONGRATS KAK ISYAN semoga karya nya apa yg dilakukan kakak sukses teruss""",1,congrats kak isyan moga karya nya kakak sukses teruss
636,"""ORANG INI TERLIHAT SANGAT SANGAT STRES DAN GILA""",0,orang stres gila
637,"""Gua kalai jadi tuhan gaakan gua jadiin dia ini manusia, lebih pante ga hidup ini orang di dunia, akhlaknya gaada tolol bangsat""",0,kalai tuhan gaakan manusia pante hidup orang dunia akhlak tolol bangsat
638,"""Biasa nya aq nangis kalo lagu nya seiihh, kalo sekarang nangis karna saking bagus nya lagu nya""",1,nya nang lagu nya seiihh nang saking bagus nya lagu nya
639,"""definisi minat ketemu bakat ketemu kerja keras""",1,definisi minat ketemu bakat ketemu kerja keras
640,"""@vnagstn astaga si isyana keren banget ini; bisa ada musisi lokal yang selera musiknya kayak gini""",1,vnagstn astaga si isyana keren musisi lokal selera musik gin
641,"""MashaAllah‚Ä¶ udh cantik, pinter, jago nyanyi dn mainin alat musik pula neng @isyanasarasvati ngefans bener ini mah""",1,mashaallah cantik pintar jago nyanyi mainin alat musik neng isyanasarasvati ngefans mah
642,"""Gilaaaa.. gila.. gilaaaa Tangan, kaki, ekspresi, n emosi tertuang adi suatu karya yg fantastis""",1,gilaaaa gila gilaaaa tangan kaki ekspresi n emosi tuang adi karya fantastis
643,"""Gosh, tiap kali lihat isyana mainin alat musik kaya lihat jiwanya beda. Merinding gila. Kaya kepribadiannya jadi serius bangett""",1,gosh kali lihat isyana mainin alat musik kaya lihat jiwa beda merinding gila kaya pribadi serius
644,"""Sumpah demi allah bagus bangett kereennn merinding ak nya.. dengerin sampe abis tiba2 aja ampe netesin air mata""",1,sumpah allah bagus kereennn merinding nya dengerin habis netesin air mata
645,"""aku memutuskan untuk menjadi fans isyana. gila keren banget ya, otak mereka berdua bisa berfungsi dg menjalankan perintah ke tangan dan kaki, di waktu bersamaan""",1,putus fans isyana gila keren ya otak dua fungsi jalan perintah tangan kaki sama
646,"""AMZING ISYANAA!! Jujur aku amazed banget dengan skill dan minat Isyana dalam bermusik. Ga Cuma bernyanyi tapi main alat musik pun jago banget""",1,amzing isyanaa jujur amazed skill minat isyana musik nyanyi main alat musik jago
647,"""paling ngiri liat orang keren maen alat musik dan dalem banget nikmatin permainan sendiri""",1,ngiri liat orang keren main alat musik nikmatin main
648,"""Sampe ga bisa berkata2 lagi buat isyana, sangat2 sempurna org ini""",1,isyana sempurna orang
649,"""Inimah bukan main alat musik lagi. Olahraga jari dan kaki ini mah""",1,inimah main alat musik olahraga jari kaki mah
